title,channel,tags,tag
ROSÉ & Bruno Mars - APT. (Official Music Video),ROSÉ,YG Entertainment;YG;와이지;K-pop;BLACKPINK;블랙핑크;블핑;로제;Rosé;BLINK;블링크;bruno mars;APT.;apt;apartment game;meet me at the;meet me at the apt;bruno mars rose apt;rose;rosesarerosie;rose apt;rose apt music video;rose apt video;rose bruno mars;rose bruno mars kiss;rose kiss,YG Entertainment;YG;와이지;K-pop;BLACKPINK;블랙핑크;블핑;로제;Rosé;BLINK;블링크;bruno mars;APT.;apt;apartment game;meet me at the;meet me at the apt;bruno mars rose apt;rose;rosesarerosie;rose apt;rose apt music video;rose apt video;rose bruno mars;rose bruno mars kiss;rose kiss
"Lady Gaga, Bruno Mars - Die With A Smile (Official Music Video)",Lady Gaga,Lady Gaga;Bruno Mars;Interscope;Pop,Lady Gaga;Bruno Mars;Interscope;Pop
Reneé Rapp - Leave Me Alone (Official Music Video),Reneé Rapp,Reneé Rapp;Interscope Records;Pop,Reneé Rapp;Interscope Records;Pop
Billie Eilish - BIRDS OF A FEATHER (Official Music Video),Billie Eilish,Billie Eilish;Darkroom/Interscope Records;Alternative,Billie Eilish;Darkroom/Interscope Records;Alternative
Reneé Rapp - Mad (Official Music Video),Reneé Rapp,Reneé Rapp;Interscope Records;Pop,Reneé Rapp;Interscope Records;Pop
Sabrina Carpenter - Espresso,Sabrina Carpenter,Sabrina Carpenter;Island Records;Pop,Sabrina Carpenter;Island Records;Pop
Lady Gaga - Abracadabra (Official Music Video),Lady Gaga,Lady Gaga;Interscope Records;Pop;lady gaga abracadabra;lady gaga abracadabra lg7;lady gaga abracadabra tradução;lady gaga abracadabra traducao;lady gaga brasil;lady gaga copacabana;abracadabra musica;abracadabra música;lady gaga abracadabra legendado;レディー・ガガ;레이디 가가;女神卡卡;嘎嘎小姐;abracadabra;2025;mayhem,Lady Gaga;Interscope Records;Pop;lady gaga abracadabra;lady gaga abracadabra lg7;lady gaga abracadabra tradução;lady gaga abracadabra traducao;lady gaga brasil;lady gaga copacabana;abracadabra musica;abracadabra música;lady gaga abracadabra legendado;レディー・ガガ;레이디 가가;女神卡卡;嘎嘎小姐;abracadabra;2025;mayhem
Ed Sheeran - Sapphire (Official Music Video),Ed Sheeran,edsheeran;ed sheeran;acoustic;live;cover;official;remix;official video;lyrics;session;ed sheeran sapphire;ed sheeran india;sapphire;ed sheeran music video;ed sheeran video;ed sheeran play;ed sheeran sapphire lyrics;sapphire lyrics;sapphire music video;ed sheeran sapphire india;sapphire india;sapphire official music video;sapphire ed sheeran;ed sheeran official video;sapphire play;official music video;sapphire lyrics ed sheeran;arijit singh,edsheeran;ed sheeran;acoustic;live;cover;official;remix;official video;lyrics;session;ed sheeran sapphire;ed sheeran india;sapphire;ed sheeran music video;ed sheeran video;ed sheeran play;ed sheeran sapphire lyrics;sapphire lyrics;sapphire music video;ed sheeran sapphire india;sapphire india;sapphire official music video;sapphire ed sheeran;ed sheeran official video;sapphire play;official music video;sapphire lyrics ed sheeran;arijit singh
yung kai - blue (official music video),yung kai,yung kai;blue;tiktok viral;tik tok;wave to earth;keshi;beabadoobee;laufey;mxmtoon;w2e;kpop;yung kai blue;blue yung kai;kai blue;blue kai;wild flower;wildflower;yung kai wildflower;wildflower yung kai;blue official music video;blue music vide;blue audio;blue official audio;blue lyrics,yung kai;blue;tiktok viral;tik tok;wave to earth;keshi;beabadoobee;laufey;mxmtoon;w2e;kpop;yung kai blue;blue yung kai;kai blue;blue kai;wild flower;wildflower;yung kai wildflower;wildflower yung kai;blue official music video;blue music vide;blue audio;blue official audio;blue lyrics
Billie Eilish - WILDFLOWER (BILLIE BY FINNEAS),Billie Eilish,Billie Eilish;Darkroom/Interscope Records;Alternative,Billie Eilish;Darkroom/Interscope Records;Alternative
Shaboozey - A Bar Song (Tipsy) [Official Visualizer],Shaboozey,Shaboozey;Bar;Song;(Tipsy);[Official;Visualizer];American;Dogwood;EMPIRE;Country;Bar Song;Bar Song (Tipsy);Tipsy;Shaboozey Bar Song;Shaboozey Tipsy;Shaboozey 2024;Shaboozey new song;Shaboozey Bar Song (Tipsy) lyrics;Shaboozey Tipsy lyrics;Shaboozey Bar Song lyrics;Shaboozey music;Shaboozey music video;Bar Song (Tipsy) song;Bar Song song;Tipsy song;Bar Song (Tipsy) songs;Bar Song songs;Tipsy songs;Shaboozey video,Shaboozey;Bar;Song;(Tipsy);[Official;Visualizer];American;Dogwood;EMPIRE;Country;Bar Song;Bar Song (Tipsy);Tipsy;Shaboozey Bar Song;Shaboozey Tipsy;Shaboozey 2024;Shaboozey new song;Shaboozey Bar Song (Tipsy) lyrics;Shaboozey Tipsy lyrics;Shaboozey Bar Song lyrics;Shaboozey music;Shaboozey music video;Bar Song (Tipsy) song;Bar Song song;Tipsy song;Bar Song (Tipsy) songs;Bar Song songs;Tipsy songs;Shaboozey video
Kendrick Lamar - Not Like Us,Kendrick Lamar,"Kendrick Lamar;Kendrick Lamar, under exclusive license to Interscope Records;Hip Hop","Kendrick Lamar;Kendrick Lamar, under exclusive license to Interscope Records;Hip Hop"
LISA - BORN AGAIN feat. Doja Cat & RAYE (Official Music Video),LLOUD Official,Blackpink;Lisa;Music;Fashion;K-Pop;kpop;LLoud;dance;dancing;lili;lilifilms;korea;Doja Cat;RAYE;Born Again LISA;Born Again Doja Cat;Born Again RAYE;LISA Doja Cat;If you tried just a little more hard;Made you a believer;Every single night;To be born again;lillies;blinks;ลิซ่า;เกิดใหม่;다시 태어나다;แบล็กพิงก์;블랙핑크;ลลาว;라우드;ร็อกสตาร์;락스타;เงิน;머니;โดจา แคท;도자 캣;เรย์;레이;ผู้หญิงยุคใหม่;New Woman;Rockstar;Money;Alter Ego;LISA Alter Ego,Blackpink;Lisa;Music;Fashion;K-Pop;kpop;LLoud;dance;dancing;lili;lilifilms;korea;Doja Cat;RAYE;Born Again LISA;Born Again Doja Cat;Born Again RAYE;LISA Doja Cat;If you tried just a little more hard;Made you a believer;Every single night;To be born again;lillies;blinks;ลิซ่า;เกิดใหม่;다시 태어나다;แบล็กพิงก์;블랙핑크;ลลาว;라우드;ร็อกสตาร์;락스타;เงิน;머니;โดจา แคท;도자 캣;เรย์;레이;ผู้หญิงยุคใหม่;New Woman;Rockstar;Money;Alter Ego;LISA Alter Ego
C'zah - Vent | Official Music Video,C'zah,dancehall;reggae;onerpm;Music;official;audio;video;jamaica;reggae music;dancehall 2025 mix;new music;trop life;dancehall music;reggae 2025;trending;jamaican;caribbean music;trinidad and tobago;trap;best dancehall;trending music;YouTube music;2025,dancehall;reggae;onerpm;Music;official;audio;video;jamaica;reggae music;dancehall 2025 mix;new music;trop life;dancehall music;reggae 2025;trending;jamaican;caribbean music;trinidad and tobago;trap;best dancehall;trending music;YouTube music;2025
Lola Young - Messy (Official Video),Lola Young,lola young;lolayoung;#lolayoung;lola young music;lola young video;messy;lola young messy;messy lola young;lola young lyrics;lola young messy lyrics;messy lyrics;messy lola young lyrics;lola young conceited;lola messy;messy lola;lola;flicker of light lola young;lola young wish you were dead;lola young don't hate me;lola young messi;messy song;i'm too messy;cause i'm too messy;i'm too messy and then i'm too clean,lola young;lolayoung;#lolayoung;lola young music;lola young video;messy;lola young messy;messy lola young;lola young lyrics;lola young messy lyrics;messy lyrics;messy lola young lyrics;lola young conceited;lola messy;messy lola;lola;flicker of light lola young;lola young wish you were dead;lola young don't hate me;lola young messi;messy song;i'm too messy;cause i'm too messy;i'm too messy and then i'm too clean
Teddy Swims - Bad Dreams (Official Music Video),Teddy Swims,teddy swims;lose control;lose control live performance;teddy swims lose control;teddy swims lyrics;teddy;swims;lose;control;teddy swims lyric video;soul music;soul artist;teddy swims busking;teddy swims viral video;bad dreams;teddy bad dreams;teddy swims bad dreams;bad dreams release;good dreams;teddy swims nightmares,teddy swims;lose control;lose control live performance;teddy swims lose control;teddy swims lyrics;teddy;swims;lose;control;teddy swims lyric video;soul music;soul artist;teddy swims busking;teddy swims viral video;bad dreams;teddy bad dreams;teddy swims bad dreams;bad dreams release;good dreams;teddy swims nightmares
"JENNIE, Doechii - ExtraL (Official Video)",JENNIE,JENNIE;Jennie Kim;JENNIE MV;JENNIE Solo;ZEN;Ruby;JENNIE Ruby;Mantra;JENNIE Album;JENNIE New Music;JENNIE New Song;This That Pretty Girl Mantra;JENNIE Mantra;JENNIE from BLACKPINK;BLACKPINK;BLACKPINK JENNIE;Dance;Fashion;KPop;BLINKs;OddAtelier;Odd Atelier;Love Hangover;Love Hangover Lyrics;JENNIE Lyrics;JENNIE Doechii;JENNIE ExtraL;JENNIE XL;Doechii XL;Do My Ladies Run This;Cole Bennet;Lyrical Lemonade;JENNIE Rap;JENNIE Rapping,JENNIE;Jennie Kim;JENNIE MV;JENNIE Solo;ZEN;Ruby;JENNIE Ruby;Mantra;JENNIE Album;JENNIE New Music;JENNIE New Song;This That Pretty Girl Mantra;JENNIE Mantra;JENNIE from BLACKPINK;BLACKPINK;BLACKPINK JENNIE;Dance;Fashion;KPop;BLINKs;OddAtelier;Odd Atelier;Love Hangover;Love Hangover Lyrics;JENNIE Lyrics;JENNIE Doechii;JENNIE ExtraL;JENNIE XL;Doechii XL;Do My Ladies Run This;Cole Bennet;Lyrical Lemonade;JENNIE Rap;JENNIE Rapping
Sabrina Carpenter - Please Please Please,Sabrina Carpenter,Sabrina Carpenter;Island Records;Pop,Sabrina Carpenter;Island Records;Pop
JWAVY - SUNSET (FEAT. MARIBASED1) [MUSIC VIDEO],S.M.I.R Seattle Music Is Real,Seattle music;Hiphop;rap;underground scene;independent artist;music;sunset;summertime;sun;Jwavy;maribased1;Seattle music is real;food;animals;cheep;music video;podcast;tv;west coast;east coast;northwest;dirty south;sports;travel;Facebook;TikTok;YouTube;reels;shorts;shortz;fights;shooting;march;cat;dog;animation;animated;amine;anime;power rangers;Pokémon,Seattle music;Hiphop;rap;underground scene;independent artist;music;sunset;summertime;sun;Jwavy;maribased1;Seattle music is real;food;animals;cheep;music video;podcast;tv;west coast;east coast;northwest;dirty south;sports;travel;Facebook;TikTok;YouTube;reels;shorts;shortz;fights;shooting;march;cat;dog;animation;animated;amine;anime;power rangers;Pokémon
Sabrina Carpenter - Manchild (Official Video),Sabrina Carpenter,Sabrina Carpenter;Island Records;Pop;Manchild;New Music;2025,Sabrina Carpenter;Island Records;Pop;Manchild;New Music;2025
Doechii - Anxiety (Official Video),Doechii,Doechii;Top Dawg Entertainment/Capitol Records;Hip Hop,Doechii;Top Dawg Entertainment/Capitol Records;Hip Hop
Billie Eilish - CHIHIRO (Official Music Video),Billie Eilish,Billie Eilish;Darkroom/Interscope Records;Alternative,Billie Eilish;Darkroom/Interscope Records;Alternative
Sabrina Carpenter - Taste (Official Video),Sabrina Carpenter,Sabrina Carpenter;Island Records;Pop,Sabrina Carpenter;Island Records;Pop
Post Malone - I Had Some Help (feat. Morgan Wallen) (Official Video),Post Malone,Post Malone;Morgan Wallen;Country;post malone morgan wallen;post malone had some help;had some help;had some help post malone;had some help morgan wallen;morgan wallen post malone;morgan wallen had some help;post malone morgan wallen had some help,Post Malone;Morgan Wallen;Country;post malone morgan wallen;post malone had some help;had some help;had some help post malone;had some help morgan wallen;morgan wallen post malone;morgan wallen had some help;post malone morgan wallen had some help
Gracie Abrams - That’s So True (Official Lyric Video),Gracie Abrams,Gracie Abrams;under exclusive license to Interscope Records;Pop,Gracie Abrams;under exclusive license to Interscope Records;Pop
Myles Smith - Stargazing (Take My Heart Don’t Break It) - Visualiser,Myles Smith,myles smith music;miles smith music;myles smith new song;miles smith new song;miles smith acoustic ep;myles smith acoustic ep;myles smith new music;miles smith new music;new acoustic music;myles smith;miles smith;myles smith stargazing;miles smith stargazing;myles smith stargazing video;miles smith stargazing video;myles smith star gazing video;miles smith star gazing video;myles smith star gazing;miles smith star gazing;stargazing video;stargazing,myles smith music;miles smith music;myles smith new song;miles smith new song;miles smith acoustic ep;myles smith acoustic ep;myles smith new music;miles smith new music;new acoustic music;myles smith;miles smith;myles smith stargazing;miles smith stargazing;myles smith stargazing video;miles smith stargazing video;myles smith star gazing video;miles smith star gazing video;myles smith star gazing;miles smith star gazing;stargazing video;stargazing
ROSÉ - number one girl (official music video),ROSÉ,YG Entertainment;YG;와이지;K-pop;BLACKPINK;블랙핑크;블핑;로제;Rosé;BLINK;블링크;rosé;number one girl rose;rose number one girl;rosie;rosie number one girl;number one girl rosie;number one girl music video;rosie number one girl music video;rose number one girl music video;rosé number one girl;number one girl rosé;number one girl;number one girl video;rose album;rosie album;rosé album,YG Entertainment;YG;와이지;K-pop;BLACKPINK;블랙핑크;블핑;로제;Rosé;BLINK;블링크;rosé;number one girl rose;rose number one girl;rosie;rosie number one girl;number one girl rosie;number one girl music video;rosie number one girl music video;rose number one girl music video;rosé number one girl;number one girl rosé;number one girl;number one girl video;rose album;rosie album;rosé album
"ROLE MODEL - Sally, When The Wine Runs Out (Official Music Video)",ROLE MODEL,ROLE MODEL;Sally When The Wine Runs Out;ROLE MODEL Sally;Sally When The Wine Runs Out lyrics;ROLE MODEL new song;ROLE MODEL music video;ROLE MODEL official;ROLE MODEL Sally lyrics;Sally When The Wine Runs Out song;ROLE MODEL indie pop;ROLE MODEL songs;ROLE MODEL music;Sally When The Wine Runs Out audio;Sally When The Wine Runs Out official;ROLE MODEL Sally official;ROLE MODEL pop;Sally When The Wine Runs Out ROLE MODEL;ROLE MODEL track,ROLE MODEL;Sally When The Wine Runs Out;ROLE MODEL Sally;Sally When The Wine Runs Out lyrics;ROLE MODEL new song;ROLE MODEL music video;ROLE MODEL official;ROLE MODEL Sally lyrics;Sally When The Wine Runs Out song;ROLE MODEL indie pop;ROLE MODEL songs;ROLE MODEL music;Sally When The Wine Runs Out audio;Sally When The Wine Runs Out official;ROLE MODEL Sally official;ROLE MODEL pop;Sally When The Wine Runs Out ROLE MODEL;ROLE MODEL track
ROSÉ - toxic till the end (OFFICIAL MUSIC VIDEO),ROSÉ,YG Entertainment;YG;와이지;K-pop;BLACKPINK;블랙핑크;블핑;로제;Rosé;BLINK;블링크;ROSÉ;rosie;rosie album;rose album;rose blackpink album;rose blackpink;toxic till the end;toxic til the end;toxic till the end music video;rose toxic till the end;rose toxic til the end;rose toxic till the end video;rose toxic til the end music video,YG Entertainment;YG;와이지;K-pop;BLACKPINK;블랙핑크;블핑;로제;Rosé;BLINK;블링크;ROSÉ;rosie;rosie album;rose album;rose blackpink album;rose blackpink;toxic till the end;toxic til the end;toxic till the end music video;rose toxic till the end;rose toxic til the end;rose toxic till the end video;rose toxic til the end music video
"Chappell Roan - Good Luck, Babe! (Official Lyric Video)",Chappell Roan,Chappell Roan;Chappell Roan PS/ Island;Pop,Chappell Roan;Chappell Roan PS/ Island;Pop
LISA - NEW WOMAN feat. Rosalía (Official Music Video),LLOUD Official,Blackpink;Lisa;Music;K-Pop;kpop;LLoud;lalisa;lily;lillies;blink;blinks;pop;pop music;lloud lisa;rockstar;money;latin music;rosalia;new woman;lisa and rosalia;ลิซ่า;ลลิษา;ลิลี่;ดอกลิลลี่;แบล็กพิงก์;บลิ้ง;บลิ้งส์;เคป๊อป;ป๊อป;เพลงป๊อป;ลลาว;ลลาว ลิซ่า;ร็อกสตาร์;เงิน;เพลงละติน;โรซาเลีย;ผู้หญิงยุคใหม่;ลิซ่าและโรซาเลีย;리사;라리사;릴리;백합;블랙핑크;블링크;블링크들;케이팝;팝;팝 음악;라우드;라우드 리사;락스타;머니;라틴 음악;로살리아;뉴 우먼;리사와 로살리아;Lisa y Rosalía;Nueva Mujer;Música Latina;Dinero;Música Pop;Lirios;Lirio;릴리들,Blackpink;Lisa;Music;K-Pop;kpop;LLoud;lalisa;lily;lillies;blink;blinks;pop;pop music;lloud lisa;rockstar;money;latin music;rosalia;new woman;lisa and rosalia;ลิซ่า;ลลิษา;ลิลี่;ดอกลิลลี่;แบล็กพิงก์;บลิ้ง;บลิ้งส์;เคป๊อป;ป๊อป;เพลงป๊อป;ลลาว;ลลาว ลิซ่า;ร็อกสตาร์;เงิน;เพลงละติน;โรซาเลีย;ผู้หญิงยุคใหม่;ลิซ่าและโรซาเลีย;리사;라리사;릴리;백합;블랙핑크;블링크;블링크들;케이팝;팝;팝 음악;라우드;라우드 리사;락스타;머니;라틴 음악;로살리아;뉴 우먼;리사와 로살리아;Lisa y Rosalía;Nueva Mujer;Música Latina;Dinero;Música Pop;Lirios;Lirio;릴리들
Ed Sheeran - Azizam (Official Music Video),Ed Sheeran,edsheeran;ed sheeran;official;official video;lyrics;azizam;azizam ed sheeran;new ed sheeran song;ed sheeran azizam;play;ed sheeran play;ed sheeran new music;meet me on the floor tonight;azizam song;azizam single;azizam my love;azizam new song;azizam out now;azizam music video;music video;azizam official video;azizam persian video;azizam persian music video;ed sheeran persian wedding;persian wedding;farsi;ed sheeran farsi;ed sheeran music video,edsheeran;ed sheeran;official;official video;lyrics;azizam;azizam ed sheeran;new ed sheeran song;ed sheeran azizam;play;ed sheeran play;ed sheeran new music;meet me on the floor tonight;azizam song;azizam single;azizam my love;azizam new song;azizam out now;azizam music video;music video;azizam official video;azizam persian video;azizam persian music video;ed sheeran persian wedding;persian wedding;farsi;ed sheeran farsi;ed sheeran music video
PJ - The Real Thing,PJ,pj;pj music;pj singer;pj songwriter;justpeej;peej;paris jones;paris jones singer;WaitingForParisPJ;ParisJonesPJ,pj;pj music;pj singer;pj songwriter;justpeej;peej;paris jones;paris jones singer;WaitingForParisPJ;ParisJonesPJ
sombr - back to friends (official video),sombr,sombr;weak;caroline;willow;luke hemmings;nessa barrett;back to friends;can we go back to friends;do i ever cross your mind;makes me want you;alt;timothee chalamet;indie;moody;sombr music video;back to friends music video;back to friends official music video,sombr;weak;caroline;willow;luke hemmings;nessa barrett;back to friends;can we go back to friends;do i ever cross your mind;makes me want you;alt;timothee chalamet;indie;moody;sombr music video;back to friends music video;back to friends official music video
Jackson Wang - Made Me a Man (Official Music Video),Jackson Wang,jackson wang;team wang;88rising;got7;mirrors;magic man;magicman2,jackson wang;team wang;88rising;got7;mirrors;magic man;magicman2
The Weeknd - São Paulo (Official Music Video),The Weeknd,The Weeknd;Anitta;XO Republic Records;são paulo the weeknd;anitta the weeknd;são paulo;anitta sao paulo;the weeknd são paulo;anitta the weeknd tradução;são paulo anitta the weeknd;anitta gravida;anitta são paulo;anitta grávida,The Weeknd;Anitta;XO Republic Records;são paulo the weeknd;anitta the weeknd;são paulo;anitta sao paulo;the weeknd são paulo;anitta the weeknd tradução;são paulo anitta the weeknd;anitta gravida;anitta são paulo;anitta grávida
David Guetta & OneRepublic - I Don't Wanna Wait (Official Video),David Guetta,david guetta;one republic;ryan tedder;i dont wanna wait;david guetta songs;i dont wanna wait onerepublic;david guetta i dont wanna wait;ultra miami 2024;david guetta one republic;david guetta one republic i dont wanna wait;i dont wanna wait david guetta;david guetta live;umf 2024;i dont wanna wait by onerepublic;i dont wanna wait lyrics;i dont wanna wait live;i dont wanna wait ryan tedder;ultra music festival 2024 miami;David guetta 2024;David Guetta remix,david guetta;one republic;ryan tedder;i dont wanna wait;david guetta songs;i dont wanna wait onerepublic;david guetta i dont wanna wait;ultra miami 2024;david guetta one republic;david guetta one republic i dont wanna wait;i dont wanna wait david guetta;david guetta live;umf 2024;i dont wanna wait by onerepublic;i dont wanna wait lyrics;i dont wanna wait live;i dont wanna wait ryan tedder;ultra music festival 2024 miami;David guetta 2024;David Guetta remix
Drake - NOKIA (Official Music Video),Drake,Drake;OVO Sound;Hip-Hop,Drake;OVO Sound;Hip-Hop
The Weeknd - Cry For Me (Official Music Video),The Weeknd,The Weeknd;XO Republic Records,The Weeknd;XO Republic Records
Tate McRae - Sports car (Official Video),Tate McRae,Sports car;Tate McRae;tate mcrae so close to what;tate mcrae sports car;tate mcrae kid laroi;tate mcrae hands;tate mcrae it’s ok i’m ok;tate mcrae you broke me first;dont want him anyway girl take him;tate mcrae greedy;would want myself;tate mcrae think later;just want your two hands on me at all times baby;miss possessive world tour;new tate mcrae music;tate mcrae 2025,Sports car;Tate McRae;tate mcrae so close to what;tate mcrae sports car;tate mcrae kid laroi;tate mcrae hands;tate mcrae it’s ok i’m ok;tate mcrae you broke me first;dont want him anyway girl take him;tate mcrae greedy;would want myself;tate mcrae think later;just want your two hands on me at all times baby;miss possessive world tour;new tate mcrae music;tate mcrae 2025
GIVĒON - RATHER BE (Official Music Video),GIVĒON,giveon;like want you;new artist;epic;epic records;alicia fields;garden kisses;california;long beach;tempest;like want you video;giveon video;official music video;take time;new album;new music;r&b;stuck on you;when it's all said and done;giveon lie again;lie again giveon;lie again;Heartbreak anniversary;Heartbreak anniversary giveon;Heartbreak giveon;Giveon heartbreak anniversary;Giveon lyrics;Justin Bieber;Drake;Justin Bieber giveon,giveon;like want you;new artist;epic;epic records;alicia fields;garden kisses;california;long beach;tempest;like want you video;giveon video;official music video;take time;new album;new music;r&b;stuck on you;when it's all said and done;giveon lie again;lie again giveon;lie again;Heartbreak anniversary;Heartbreak anniversary giveon;Heartbreak giveon;Giveon heartbreak anniversary;Giveon lyrics;Justin Bieber;Drake;Justin Bieber giveon
Benson Boone - Slow It Down (Official Music Video),Benson Boone,Benson Boone;Slow It Down Official Music Video;Benson Boone Slow It Down;Benson Boone Slow It Down Official Music Video;Benson Boone lyrics;Slow It Down lyrics;Benson Boone Slow It Down lyrics;Fireworks & Rollerblades;Benson Boone Album;Album Benson Boone;Benson Boone Fireworks & Rollerblades;Fireworks & Rollerblades Benson Boone;Beautiful Things;slow it down;benson boone new song;slow it down benson boone;benson boone new music;new song;beautiful things,Benson Boone;Slow It Down Official Music Video;Benson Boone Slow It Down;Benson Boone Slow It Down Official Music Video;Benson Boone lyrics;Slow It Down lyrics;Benson Boone Slow It Down lyrics;Fireworks & Rollerblades;Benson Boone Album;Album Benson Boone;Benson Boone Fireworks & Rollerblades;Fireworks & Rollerblades Benson Boone;Beautiful Things;slow it down;benson boone new song;slow it down benson boone;benson boone new music;new song;beautiful things
Tate McRae - Just Keep Watching (From F1® The Movie) (Official Video),Tate McRae,tate mcrea;tate mcrae young;Create with Tate;tate mcrae;tatemcrea;i wrote a song;singing;singer;original song;top originals 2018;best songs of 2018;songwriter;hot vocals;songwriting;best youtube songs 2018;best songs;the ellen show;best originals;shawn mendes;ariana grande;new music 2018;best songs of the week;top songs of 2018;new songs of 2018;songs of the week;top 10 songs of the week;charlie puth;new songs may 2018;sean lew;june 2018,tate mcrea;tate mcrae young;Create with Tate;tate mcrae;tatemcrea;i wrote a song;singing;singer;original song;top originals 2018;best songs of 2018;songwriter;hot vocals;songwriting;best youtube songs 2018;best songs;the ellen show;best originals;shawn mendes;ariana grande;new music 2018;best songs of the week;top songs of 2018;new songs of 2018;songs of the week;top 10 songs of the week;charlie puth;new songs may 2018;sean lew;june 2018
Charli xcx - Guess featuring billie eilish (official video),Charli xcx,charli xcx;billie eilish;guess featuring billie eilish;guess feat. billie eilish;guess ft. billie eilish;charli xcx guess ft. billie eilish;charli ft. billie eilish;charli xcx ft. billie eilish;charli xcx guess featuring billie eilish;charli xcx guess;guess charli xcx;billie eilish guess;guess billie eilish;charli xcx billie eilish;billie eilish charli xcx;charli xcx - guess featuring billie eilish;guess featuring billie eilish - charli xcx;guess music video,charli xcx;billie eilish;guess featuring billie eilish;guess feat. billie eilish;guess ft. billie eilish;charli xcx guess ft. billie eilish;charli ft. billie eilish;charli xcx ft. billie eilish;charli xcx guess featuring billie eilish;charli xcx guess;guess charli xcx;billie eilish guess;guess billie eilish;charli xcx billie eilish;billie eilish charli xcx;charli xcx - guess featuring billie eilish;guess featuring billie eilish - charli xcx;guess music video
Alex Warren - Carry You Home (Official Video),Alex Warren,alex warren;alex waarren;alex and kouvr;alex and kouvr proposal;alex and kouvr wedding;alex and kouvr married;tik tok music;tik tok viral;viral music;hits;pop hits,alex warren;alex waarren;alex and kouvr;alex and kouvr proposal;alex and kouvr wedding;alex and kouvr married;tik tok music;tik tok viral;viral music;hits;pop hits
Roy Woods - You (Official Music Video),Roy Woods,roy woods;roy;woods;ovo sound;ovo;october's very own;drama;down girl;drake;majid jordan;dvsn;plaza;baka not nice;jealousy;toronto;worth it;rnb;r&b;hip hop;rap;Dark Nights;You,roy woods;roy;woods;ovo sound;ovo;october's very own;drama;down girl;drake;majid jordan;dvsn;plaza;baka not nice;jealousy;toronto;worth it;rnb;r&b;hip hop;rap;Dark Nights;You
Maroon 5 - Priceless ft. LISA (Official Video),Maroon 5,Maroon;LISA;222 Records/Interscope Records;Pop;マルーン5;마룬5;魔力紅;魔力红;priceless;new music;2025;Baby;you're priceless;anything like this;all wanna do,Maroon;LISA;222 Records/Interscope Records;Pop;マルーン5;마룬5;魔力紅;魔力红;priceless;new music;2025;Baby;you're priceless;anything like this;all wanna do
Dean Lewis - With You (Official Video),Dean Lewis,Dean Lewis;Universal Music Australia Pty. Ltd.;Pop,Dean Lewis;Universal Music Australia Pty. Ltd.;Pop
Benson Boone - Mystical Magical (Official Lyric Video),Benson Boone,Benson Boone;Benson Boone lyrics;Benson Boone Album;Beautiful Things;benson boone new song;benson boone new music;Benson Boone New Music;benson boone lyrics;beautiful things;benson boone beautiful things;benson boones lyrics;benson boone coachella;benson boone mystical magical;mystical magical;mystical magical lyrics;benson boone mystical magical lyrics;mystical magical lyric video;benson boone mystical;benson boone new coachella song,Benson Boone;Benson Boone lyrics;Benson Boone Album;Beautiful Things;benson boone new song;benson boone new music;Benson Boone New Music;benson boone lyrics;beautiful things;benson boone beautiful things;benson boones lyrics;benson boone coachella;benson boone mystical magical;mystical magical;mystical magical lyrics;benson boone mystical magical lyrics;mystical magical lyric video;benson boone mystical;benson boone new coachella song
Tate McRae - Revolving door (Official Video),Tate McRae,Sports car;tate mcrae sports car;tate mcrae kid laroi;tate mcrae hands;tate mcrae it’s ok i’m ok;tate mcrae you broke me first;dont want him anyway girl take him;tate mcrae greedy;would want myself;tate mcrae think later;miss possessive world tour;new tate mcrae music;tate mcrae 2025;revolving door;tate mcrae new album;so close to what tate mcrae;tayte mcray new album;revolving door official video;tate mcrae new video;2025 tate mcrae music,Sports car;tate mcrae sports car;tate mcrae kid laroi;tate mcrae hands;tate mcrae it’s ok i’m ok;tate mcrae you broke me first;dont want him anyway girl take him;tate mcrae greedy;would want myself;tate mcrae think later;miss possessive world tour;new tate mcrae music;tate mcrae 2025;revolving door;tate mcrae new album;so close to what tate mcrae;tayte mcray new album;revolving door official video;tate mcrae new video;2025 tate mcrae music
Taylor Swift - Fortnight (feat. Post Malone) (Official Music Video),Taylor Swift,Taylor swift;taylor;swift;taylor swift ttpd;tortured poets department;new taylor swift;taylor swift album;ttpd anthology;taylor swift fortnight;fortnite taylor swift;taylor swift;taylor swift fortnight music video;taylor swift fortnight postmalone;fortnight taylor swift post malone;fortnight taylor swift music video;fortnite music video;fortnite taylor swift post malone;taylor swift for a fortnight;taylor swift the tortured poets department;taylor fortnight,Taylor swift;taylor;swift;taylor swift ttpd;tortured poets department;new taylor swift;taylor swift album;ttpd anthology;taylor swift fortnight;fortnite taylor swift;taylor swift;taylor swift fortnight music video;taylor swift fortnight postmalone;fortnight taylor swift post malone;fortnight taylor swift music video;fortnite music video;fortnite taylor swift post malone;taylor swift for a fortnight;taylor swift the tortured poets department;taylor fortnight
Vex Prince - MONEY feat Dorty (Official Music Video),Vex Prince,vexprincemoney;vexprincerwanda;vex;dortylattecha;vexprincedorty,vexprincemoney;vexprincerwanda;vex;dortylattecha;vexprincedorty
d4vd - Feel It (Official Music Video),d4vd,d4vd;Feel;Darkroom/Interscope;Records;Alternative,d4vd;Feel;Darkroom/Interscope;Records;Alternative
Damiano David - Born With a Broken Heart (Official Video),Damiano David,Born With Broken Heart;Damiano David,Born With Broken Heart;Damiano David
"Nelly Wap ""Up Next"" (Off The Porch Live Performance)",DGB Media,dirtyglovebastard;dirty glove bastard;dgb;dgb off the porch;dirty glove bastard off the porch;off the porch;live performance;Nelly Wap;Nelly Wap UpNext;Nelly Wap live performance;Nelly Wap off the porch;Nelly Wap off the porch live performance;Nelly Wap dirty glove bastard;off the porch live performance;dirty glove bastard live performance;DGB live performance,dirtyglovebastard;dirty glove bastard;dgb;dgb off the porch;dirty glove bastard off the porch;off the porch;live performance;Nelly Wap;Nelly Wap UpNext;Nelly Wap live performance;Nelly Wap off the porch;Nelly Wap off the porch live performance;Nelly Wap dirty glove bastard;off the porch live performance;dirty glove bastard live performance;DGB live performance
JENNIE & Dua Lipa - Handlebars (Official Video),JENNIE,JENNIE;Jennie Kim;JENNIE MV;JENNIE Solo;ZEN;Ruby;JENNIE Ruby;Mantra;JENNIE Album;JENNIE New Music;JENNIE New Song;This That Pretty Girl Mantra;JENNIE Mantra;JENNIE from BLACKPINK;BLACKPINK;BLACKPINK JENNIE;Dance;Fashion;KPop;BLINKs;OddAtelier;Odd Atelier;Love Hangover;ExtraL;Like JENNIE;JENNIE Lyrics;JENNIE new album;Ruby Album;JENNIE Handlebars;JENNIE Dua Lipa;JENNIE Dua;Future Nostalgia;Radical Optimism;trip and fall in love,JENNIE;Jennie Kim;JENNIE MV;JENNIE Solo;ZEN;Ruby;JENNIE Ruby;Mantra;JENNIE Album;JENNIE New Music;JENNIE New Song;This That Pretty Girl Mantra;JENNIE Mantra;JENNIE from BLACKPINK;BLACKPINK;BLACKPINK JENNIE;Dance;Fashion;KPop;BLINKs;OddAtelier;Odd Atelier;Love Hangover;ExtraL;Like JENNIE;JENNIE Lyrics;JENNIE new album;Ruby Album;JENNIE Handlebars;JENNIE Dua Lipa;JENNIE Dua;Future Nostalgia;Radical Optimism;trip and fall in love
SHOOP - CAPRIS (Official Music Video),SHOOP,indie pop;alt pop;indie pop 2025;alternative pop;male indie artists;indie pop music video;new indie music;underrated indie artists;indie pop vibes;bedroom pop;chill indie pop;late night drive songs;summer indie vibes;feel good indie music;songs like dominic fike;songs like role model;malcolm todd music;sombr music;junior varsity band;the 1975 vibes;aesthetic indie songs;viral indie pop;indie pop rising artist;alt pop playlist,indie pop;alt pop;indie pop 2025;alternative pop;male indie artists;indie pop music video;new indie music;underrated indie artists;indie pop vibes;bedroom pop;chill indie pop;late night drive songs;summer indie vibes;feel good indie music;songs like dominic fike;songs like role model;malcolm todd music;sombr music;junior varsity band;the 1975 vibes;aesthetic indie songs;viral indie pop;indie pop rising artist;alt pop playlist
Miley Cyrus - End of the World (Official Video),Miley Cyrus,Miley;Something Beautiful;Miley Something Beautiful;New Miley;Miley Cyrus Album;Something Beautiful Album;Miley Trailer;Miley Visuals;Miley Film;Miley Music Video;Used To Be Young;Endless Summer Vacation;Flowers;can buy myself flowers;River;Jaded;Plastic Hearts;She Is Coming;Younger Now;Miley Cyrus Her Dead Petz;Bangerz;Can’t Be Tamed;The Time Of Our Lives;Breakout;Meet Miley Cyrus;Hannah Montana;Wrecking Ball;We Can’t Stop,Miley;Something Beautiful;Miley Something Beautiful;New Miley;Miley Cyrus Album;Something Beautiful Album;Miley Trailer;Miley Visuals;Miley Film;Miley Music Video;Used To Be Young;Endless Summer Vacation;Flowers;can buy myself flowers;River;Jaded;Plastic Hearts;She Is Coming;Younger Now;Miley Cyrus Her Dead Petz;Bangerz;Can’t Be Tamed;The Time Of Our Lives;Breakout;Meet Miley Cyrus;Hannah Montana;Wrecking Ball;We Can’t Stop
Ravyn Lenae - Love Me Not (Official Music Video),Ravyn Lenae,Ravyn Lenae;Raven Lenae;Rayvn Lenae;Ravyn Lenae Love Me Not;Love Me Not;Love Me Not Ravyn Lenae;Ravyn Lenae One Wish;Ravyn Lenae Genius;Birds Eye;Birds Eye Ravyn Lenae;Ravyn Lenae Birds Eye;Ravyn Lenae Concert;ravyn Lenae Live;Rayvn Lenae Sticky;Ravyn Lenae Skin Tight;Ravyn Lenae Moon Shoes;Ravyn Lenae AT&T Block Party;Ravyn Lenae Performance;I miss you come here;Ravyn Lenae Hypnos;Ravyn Lenae Doechii;Ravyn Lenae Steve Lacy,Ravyn Lenae;Raven Lenae;Rayvn Lenae;Ravyn Lenae Love Me Not;Love Me Not;Love Me Not Ravyn Lenae;Ravyn Lenae One Wish;Ravyn Lenae Genius;Birds Eye;Birds Eye Ravyn Lenae;Ravyn Lenae Birds Eye;Ravyn Lenae Concert;ravyn Lenae Live;Rayvn Lenae Sticky;Ravyn Lenae Skin Tight;Ravyn Lenae Moon Shoes;Ravyn Lenae AT&T Block Party;Ravyn Lenae Performance;I miss you come here;Ravyn Lenae Hypnos;Ravyn Lenae Doechii;Ravyn Lenae Steve Lacy
Tate McRae - It's ok I'm ok (Official Video),Tate McRae,New Tate McRae;you can have him anyway;he so perfect;girl what version;THINK LATER Tate McRae;uh oh dance tate mcrae;exes tate mcrae;it is what it is and was what it was;greedy tate mcrae;baby dont get greedy;would want myself;tubegirl;think later world tour;its ok im ok tate mcrae;tate mcrae its ok im ok official video;sean bankhead;sabrina carpenter;chappell roan;olivia rodrigo;gracie abrams;tate mcrae new music 2024;tate mcrae dancing,New Tate McRae;you can have him anyway;he so perfect;girl what version;THINK LATER Tate McRae;uh oh dance tate mcrae;exes tate mcrae;it is what it is and was what it was;greedy tate mcrae;baby dont get greedy;would want myself;tubegirl;think later world tour;its ok im ok tate mcrae;tate mcrae its ok im ok official video;sean bankhead;sabrina carpenter;chappell roan;olivia rodrigo;gracie abrams;tate mcrae new music 2024;tate mcrae dancing
Myles Smith - Nice To Meet You (Official Video),Myles Smith,Myles Smiht;Mylse Smith;Myels Smith;Mtles Smith;Mules Smith;Mhles Smith;Mypes Smith;Mymes Smith;Mykes Smith;Mylee Smith;Mylea Smith;Myled Smith;Mylew Smith;Myles Snith;Myles Skith;Myles Sjith;Myles Smoth;Myles Smuth;Myles Smkth;Myles Smirh;Myles Smigh;Myles Smiyh;Myles Smitn;Myles Smitt;Myles Smitg;Myles Smitb;Miles Smith;Miles Smiht;Milse Smith;Miels Smith;Moles Smith;Mkles Smith;Mipes Smith;Mimes Smith,Myles Smiht;Mylse Smith;Myels Smith;Mtles Smith;Mules Smith;Mhles Smith;Mypes Smith;Mymes Smith;Mykes Smith;Mylee Smith;Mylea Smith;Myled Smith;Mylew Smith;Myles Snith;Myles Skith;Myles Sjith;Myles Smoth;Myles Smuth;Myles Smkth;Myles Smirh;Myles Smigh;Myles Smiyh;Myles Smitn;Myles Smitt;Myles Smitg;Myles Smitb;Miles Smith;Miles Smiht;Milse Smith;Miels Smith;Moles Smith;Mkles Smith;Mipes Smith;Mimes Smith
Claudia Valentina - Candy (Official Video),Claudia Valentina,Claudia Valentina;Claudia Valentina music;Claudia Valentina meovv demo;Claudia Valentina candy;Claudia Valentina lyrics;candy;Jennie mantra;girls to the yard;baddie tunes;femme fatale;my candy brings all the girls to the yard;kelis candy version;kelis milkshake;TikTok candy milkshake;seven Claudia Valentina;baddie playlist pop;meovv;drop top;quad;my milkshake brings all the boys to the yard;kelis;kelis milkshake lyrics;Pharrell williams,Claudia Valentina;Claudia Valentina music;Claudia Valentina meovv demo;Claudia Valentina candy;Claudia Valentina lyrics;candy;Jennie mantra;girls to the yard;baddie tunes;femme fatale;my candy brings all the girls to the yard;kelis candy version;kelis milkshake;TikTok candy milkshake;seven Claudia Valentina;baddie playlist pop;meovv;drop top;quad;my milkshake brings all the boys to the yard;kelis;kelis milkshake lyrics;Pharrell williams
Lady Gaga - Disease (Official Music Video),Lady Gaga,Lady Gaga;Interscope Records;Pop,Lady Gaga;Interscope Records;Pop
Tyla - PUSH 2 START (Official Music Video),Tyla,tyla;new artist;getting late;tyla to last;to last tyla;to last;last;kooldrink;epic;epic records;new music;fax records;electronic;electronic music;dance music;dj lag;overdue;tyla been thinking;been thinking tyla;been thinking;ayra starr;ayra starr tyla;tyla ayra starr girl next door;girl next door;tyla girl next door;ayra starr girl next door;girl next door tyla ayra starr;water;tyla water;water tyla;push start,tyla;new artist;getting late;tyla to last;to last tyla;to last;last;kooldrink;epic;epic records;new music;fax records;electronic;electronic music;dance music;dj lag;overdue;tyla been thinking;been thinking tyla;been thinking;ayra starr;ayra starr tyla;tyla ayra starr girl next door;girl next door;tyla girl next door;ayra starr girl next door;girl next door tyla ayra starr;water;tyla water;water tyla;push start
JENNIE - Mantra (Official Video),JENNIE,Jennie Kim;JENNIE MV;JENNIE Solo;ZEN;Ruby;JENNIE Album;JENNIE New Music;JENNIE New Song;This That Pretty Girl Mantra;JENNIE Mantra;JENNIE from BLACKPINK;BLACKPINK;BLACKPINK JENNIE;Dance;Fashion;KPop;BLINKs;OddAtelier;Odd Atelier;JENNIE;K-Pop;Mantra,Jennie Kim;JENNIE MV;JENNIE Solo;ZEN;Ruby;JENNIE Album;JENNIE New Music;JENNIE New Song;This That Pretty Girl Mantra;JENNIE Mantra;JENNIE from BLACKPINK;BLACKPINK;BLACKPINK JENNIE;Dance;Fashion;KPop;BLINKs;OddAtelier;Odd Atelier;JENNIE;K-Pop;Mantra
The Weeknd - Open Hearts (Official Video),The Weeknd,The Weeknd;XO Republic Records,The Weeknd;XO Republic Records
Insãne Shinobi & Johnnie Noct - REVENGE (Official Music Video),Insãne Shinobi,revenge xxxtentacion;revenge;Rap;jpegmafia;jpegmafia type beat;xxxtentacion type beat;xxxtentacion songs;alternative rock;anime edits;childish gambino;music videos 2025;Music Video;music videos rap;japanese rap music;japanese rapper;kanye west;tyler the creator;nujabes;mf doom;mf doom type beat;jid;jid type beat;insane;insaneshinobi;shinobi;ninja turtles;official music video;denzel curry;denzel curry type beat;andre 3000;andre 3000 type beat;outkast,revenge xxxtentacion;revenge;Rap;jpegmafia;jpegmafia type beat;xxxtentacion type beat;xxxtentacion songs;alternative rock;anime edits;childish gambino;music videos 2025;Music Video;music videos rap;japanese rap music;japanese rapper;kanye west;tyler the creator;nujabes;mf doom;mf doom type beat;jid;jid type beat;insane;insaneshinobi;shinobi;ninja turtles;official music video;denzel curry;denzel curry type beat;andre 3000;andre 3000 type beat;outkast
Imagine Dragons - Take Me To The Beach (feat. Ado) (Official Lyric Video),ImagineDragons,Imagine Dragons;Take Me To The Beach;Remix;LOOM;Ado;Japanese Artist;Rock;Alternative;Pop;J-Pop,Imagine Dragons;Take Me To The Beach;Remix;LOOM;Ado;Japanese Artist;Rock;Alternative;Pop;J-Pop
Justin Bieber - DAISIES (Audio),Justin Bieber,Justin Bieber;Justin Bieber 2021 PS/ Def Jam;Pop,Justin Bieber;Justin Bieber 2021 PS/ Def Jam;Pop
Sabrina Carpenter - Bed Chem (Official Lyric Video),Sabrina Carpenter,Sabrina Carpenter;Island Records;Pop,Sabrina Carpenter;Island Records;Pop
Dua Lipa - Illusion (Official Music Video),Dua Lipa,dua lipa;dua;new rules;dua leepa;idgaf;scared to be lonely;be the one;future nostalgia;don't start now;let's get physical;break my heart;radical optimism;training season;houdini;pop;dance;music;chart music;illusion;dula peep;DL3;DL2;choreo;dua lipa dancing,dua lipa;dua;new rules;dua leepa;idgaf;scared to be lonely;be the one;future nostalgia;don't start now;let's get physical;break my heart;radical optimism;training season;houdini;pop;dance;music;chart music;illusion;dula peep;DL3;DL2;choreo;dua lipa dancing
Sabrina Carpenter - Busy Woman (Official Lyric Video),Sabrina Carpenter,Sabrina Carpenter;Island Records;Pop;busy woman;new sabrina;sabrina deluxe;espresso;please please please;taste;short;sweet;2025;new music;busy;woman;if you need my love;be my perfect mrs;coming over to your place,Sabrina Carpenter;Island Records;Pop;busy woman;new sabrina;sabrina deluxe;espresso;please please please;taste;short;sweet;2025;new music;busy;woman;if you need my love;be my perfect mrs;coming over to your place
Addison Rae - Diet Pepsi (Official Video),Addison Rae,Addison Rae New Song;Addison Rae New Music;AddisonRe;TikTok;Viral;die;Charli xcx;Brat;Music Video Pop;Addison Rae;Diet Pepsi,Addison Rae New Song;Addison Rae New Music;AddisonRe;TikTok;Viral;die;Charli xcx;Brat;Music Video Pop;Addison Rae;Diet Pepsi
Ryan Collins - Stars n Stripes (Official Music Video),RyanCollinsVEVO,Ryan Collins;iDreamology;Hip Hop/Rap,Ryan Collins;iDreamology;Hip Hop/Rap
Sabrina Carpenter - Juno (Official Lyric Video),Sabrina Carpenter,Sabrina Carpenter;Island Records;Pop,Sabrina Carpenter;Island Records;Pop
keshi - Soft Spot (Official Music Video),keshi,keshi;Island Records;Pop,keshi;Island Records;Pop
Tyla x Wizkid - DYNAMITE (Official Music Video),Tyla,tyla;new artist;getting late;tyla to last;to last tyla;to last;last;kooldrink;epic;epic records;new music;fax records;electronic;electronic music;dance music;dj lag;overdue;tyla been thinking;been thinking tyla;been thinking;ayra starr;ayra starr tyla;tyla ayra starr girl next door;girl next door;tyla girl next door;ayra starr girl next door;girl next door tyla ayra starr;water;tyla water;water tyla;tyla bliss;DYNAMITE;Tyla Wizkid,tyla;new artist;getting late;tyla to last;to last tyla;to last;last;kooldrink;epic;epic records;new music;fax records;electronic;electronic music;dance music;dj lag;overdue;tyla been thinking;been thinking tyla;been thinking;ayra starr;ayra starr tyla;tyla ayra starr girl next door;girl next door;tyla girl next door;ayra starr girl next door;girl next door tyla ayra starr;water;tyla water;water tyla;tyla bliss;DYNAMITE;Tyla Wizkid
Ariana Grande - intro (end of the world) (extended) (lyric visualizer),Ariana Grande,Ariana Grande;Republic Records;Pop,Ariana Grande;Republic Records;Pop
Taylor Swift - Guilty as Sin (Official Lyric Video),Taylor Swift,taylor swift;taylor;swift;taylor swift ttpd;tortured poets department;new taylor swift;taylor swift album;ts ttpd;ttpd anthology;taylor swift tortured poets department;taylor swift lyrics;the tortured poets department,taylor swift;taylor;swift;taylor swift ttpd;tortured poets department;new taylor swift;taylor swift album;ts ttpd;ttpd anthology;taylor swift tortured poets department;taylor swift lyrics;the tortured poets department
"Selena Gomez, benny blanco - Sunset Blvd (Official Video)",Selena Gomez,Selena Gomez;benny blanco;SMG Music LLC Friends Keep Secrets under exclusive license to Interscope Records;Pop,Selena Gomez;benny blanco;SMG Music LLC Friends Keep Secrets under exclusive license to Interscope Records;Pop
Justin Bieber - YUKON,Justin Bieber,justin;bieber;justinbieber;purpose;myworld;journals;baby;yummy;believe;never say never;under the mistletoe;10000 hours;i dont care;sorry;love yourself;let me love you;im the one;no brainer;cold water;beauty and a beat;what do you mean;as long as you love me;boyfriend;justice;hold on;peaches;anyone;stuck with u;freedom;swag;yukon;daisies;cole;cole bennett;lyrical lemonade;hailey;hailey bieber;biebs;walking away;go baby;slide;slide city;r&b;hiphop;pop,justin;bieber;justinbieber;purpose;myworld;journals;baby;yummy;believe;never say never;under the mistletoe;10000 hours;i dont care;sorry;love yourself;let me love you;im the one;no brainer;cold water;beauty and a beat;what do you mean;as long as you love me;boyfriend;justice;hold on;peaches;anyone;stuck with u;freedom;swag;yukon;daisies;cole;cole bennett;lyrical lemonade;hailey;hailey bieber;biebs;walking away;go baby;slide;slide city;r&b;hiphop;pop
Ariana Grande - twilight zone (Official Lyric Video),Ariana Grande,Ariana Grande;Republic Records;Pop,Ariana Grande;Republic Records;Pop
"Gracie Abrams - I Love You, I’m Sorry (Official Music Video)",Gracie Abrams,"Gracie Abrams;Gracie Abrams, under exclusive license to Interscope Records;Pop","Gracie Abrams;Gracie Abrams, under exclusive license to Interscope Records;Pop"
Sean Paul x INNA - Let It Talk To Me,Sean Paul,Sean Paul,Sean Paul
"Selena Gomez, benny blanco - How Does It Feel To Be Forgotten (Official Lyric Video)",Selena Gomez,Selena Gomez;benny blanco;SMG Music LLC Friends Keep Secrets under exclusive license to Interscope Records;Pop;How Does It Feel To Be Forgotten;Said Love You First;New Selena Music;New Selena Album;Selena and benny,Selena Gomez;benny blanco;SMG Music LLC Friends Keep Secrets under exclusive license to Interscope Records;Pop;How Does It Feel To Be Forgotten;Said Love You First;New Selena Music;New Selena Album;Selena and benny
